reported_elapsed_s,mz_44_au,mz_28_au
8.0,0.0641765,0.9459404
10.0,0.0661517,0.9457784
12.0,0.0680878,0.9454896
14.0,0.0699426,0.9450765
16.0,0.0716759,0.9445431
18.0,0.0732504,0.9438953
20.0,0.0746327,0.9431403
22.0,0.0757942,0.9422868
24.0,0.0767114,0.9413448
26.0,0.0773669,0.9403256
28.0,0.0777496,0.9392412
30.0,0.0778548,0.9381047
32.0,0.0776846,0.9369298
34.0,0.077248,0.9357306
36.0,0.07656,0.9345215
38.0,0.0756421,0.933317
40.0,0.0745211,0.9321315
42.0,0.0732289,0.9309789
44.0,0.0718016,0.9298728
46.0,0.0702788,0.9288258
48.0,0.0687023,0.9278499
50.0,0.0671155,0.9269558
52.0,0.0655623,0.9261531
54.0,0.0640857,0.9254499
56.0,0.0627276,0.9248532
58.0,0.0615268,0.9243679
60.0,0.0605191,0.9239977
62.0,0.0597355,0.9237445
64.0,0.0592022,0.9236083
66.0,0.0589398,0.9235875
68.0,0.0589626,0.923679
70.0,0.0592784,0.9238775
72.0,0.0598885,0.9241767
74.0,0.0607874,0.9245685
76.0,0.0619632,0.9250433
78.0,0.0633974,0.9255904
80.0,0.0650662,0.9261978
82.0,0.0669402,0.9268528
84.0,0.0689857,0.9275417
86.0,0.071165,0.9282502
88.0,0.0734379,0.9289636
90.0,0.0757622,0.9296669
92.0,0.0780947,0.9303453
94.0,0.0803927,0.9309839
96.0,0.0826144,0.9315685
98.0,0.0847203,0.9320851
100.0,0.0866742,0.9325209
102.0,0.0884436,0.9328635
104.0,0.0900011,0.9331021
106.0,0.0913245,0.9332269
108.0,0.0923977,0.9332295
110.0,0.093211,0.9331029
112.0,0.0937614,0.9328419
114.0,0.0940524,0.9324428
116.0,0.0940942,0.9319034
118.0,0.0939036,0.9312236
120.0,0.0935033,0.9304047
122.0,0.0929213,0.9294498
124.0,0.0921909,0.9283637
126.0,0.0913492,0.9271525
128.0,0.0904365,0.925824
130.0,0.0894957,0.9243873
132.0,0.0885707,0.9228527
134.0,0.0877058,0.9212316
136.0,0.0869446,0.9195361
138.0,0.0863289,0.9177792
140.0,0.0858978,0.9159746
142.0,0.0856868,0.914136
144.0,0.0857268,0.9122775
146.0,0.0860437,0.9104129
148.0,0.0866577,0.908556
150.0,0.0875826,0.9067199
152.0,0.0888259,0.9049173
154.0,0.0903884,0.9031598
156.0,0.092264,0.9014581
158.0,0.0944405,0.8998219
160.0,0.0968992,0.8982593
162.0,0.0996158,0.8967772
164.0,0.1025609,0.8953808
166.0,0.1057008,0.8940738
168.0,0.108998,0.8928582
170.0,0.1124124,0.8917342
172.0,0.1159023,0.8907004
174.0,0.1194252,0.8897536
176.0,0.1229391,0.8888889
178.0,0.1264032,0.8880998
180.0,0.1297791,0.8873783
182.0,0.1330316,0.8867147
184.0,0.1361299,0.8860984
186.0,0.1390478,0.8855172
188.0,0.1417649,0.884958
190.0,0.1442666,0.8844071
192.0,0.1465448,0.8838496
194.0,0.1485982,0.8832705
196.0,0.150432,0.8826545
198.0,0.152058,0.8819859
200.0,0.1534946,0.8812493
202.0,0.1547659,0.8804298
204.0,0.1559014,0.8795126
206.0,0.1569354,0.878484
208.0,0.1579062,0.8773308
210.0,0.158855,0.8760413
212.0,0.1598252,0.8746045
214.0,0.1608615,0.8730112
216.0,0.1620084,0.8712533
218.0,0.1633095,0.8693245
220.0,0.1648067,0.8672201
222.0,0.1665386,0.8649371
224.0,0.1685404,0.8624741
226.0,0.1708424,0.8598315
228.0,0.1734697,0.8570116
230.0,0.1764414,0.8540182
232.0,0.1797706,0.8508568
234.0,0.1834634,0.8475345
236.0,0.1875194,0.8440596
238.0,0.1919315,0.8404421
240.0,0.1966859,0.8366929
242.0,0.2017628,0.832824
244.0,0.2071366,0.8288483
246.0,0.2127766,0.8247793
248.0,0.2186477,0.820631
250.0,0.2247115,0.8164177
252.0,0.2309267,0.8121539
254.0,0.2372506,0.8078538
256.0,0.2436397,0.8035314
258.0,0.250051,0.7992002
260.0,0.2564429,0.7948729
262.0,0.2627763,0.7905615
264.0,0.2690151,0.7862769
266.0,0.2751278,0.7820288
268.0,0.2810875,0.7778257
270.0,0.2868729,0.7736747
272.0,0.2924687,0.7695812
274.0,0.2978659,0.7655494
276.0,0.3030621,0.7615814
278.0,0.3080616,0.7576781
280.0,0.3128749,0.7538386
282.0,0.3175188,0.7500603
284.0,0.3220159,0.7463392
286.0,0.326394,0.7426698
288.0,0.3306852,0.7390451
290.0,0.3349254,0.7354568
292.0,0.3391536,0.7318955
294.0,0.3434101,0.7283508
296.0,0.3477365,0.7248115
298.0,0.352174,0.7212656
300.0,0.3567628,0.7177008
302.0,0.3615406,0.7141042
304.0,0.3665423,0.7104631
306.0,0.3717985,0.7067649
308.0,0.3773351,0.702997
310.0,0.3831726,0.6991477
312.0,0.3893254,0.6952056
314.0,0.3958014,0.6911605
316.0,0.402602,0.6870031
318.0,0.4097218,0.6827252
320.0,0.4171485,0.6783201
322.0,0.4248634,0.6737825
324.0,0.4328419,0.6691086
326.0,0.4410534,0.6642963
328.0,0.4494625,0.6593452
330.0,0.4580298,0.6542567
332.0,0.4667122,0.6490337
334.0,0.4754644,0.6436811
336.0,0.4842396,0.6382054
338.0,0.4929906,0.6326147
340.0,0.5016711,0.6269188
342.0,0.510236,0.6211287
344.0,0.5186432,0.615257
346.0,0.5268542,0.6093173
348.0,0.5348347,0.6033244
350.0,0.5425555,0.5972939
352.0,0.5499935,0.5912419
354.0,0.5571314,0.5851852
356.0,0.5639587,0.5791408
358.0,0.5704716,0.5731257
360.0,0.576673,0.567157
362.0,0.5825723,0.5612512
364.0,0.5881856,0.5554245
366.0,0.5935343,0.549692
368.0,0.5986455,0.5440683
370.0,0.6035508,0.5385667
372.0,0.6082856,0.5331992
374.0,0.612888,0.5279765
376.0,0.6173982,0.5229078
378.0,0.6218572,0.5180006
380.0,0.626306,0.5132608
382.0,0.6307844,0.5086925
384.0,0.6353301,0.504298
386.0,0.6399776,0.5000777
388.0,0.6447577,0.4960303
390.0,0.6496964,0.4921529
392.0,0.6548143,0.4884406
394.0,0.6601261,0.4848871
396.0,0.6656404,0.4814844
398.0,0.6713591,0.4782235
400.0,0.6772777,0.4750936
402.0,0.683385,0.4720833
404.0,0.6896637,0.4691801
406.0,0.6960907,0.4663707
408.0,0.7026372,0.4636413
410.0,0.70927,0.4609778
412.0,0.715952,0.4583661
414.0,0.7226428,0.4557918
416.0,0.7293001,0.4532412
418.0,0.7358803,0.4507007
420.0,0.7423397,0.4481577
422.0,0.7486358,0.4456002
424.0,0.7547275,0.4430172
426.0,0.760577,0.440399
428.0,0.7661502,0.4377371
430.0,0.7714174,0.4350245
432.0,0.7763544,0.4322557
434.0,0.7809427,0.4294266
436.0,0.7851702,0.426535
438.0,0.7890313,0.4235802
440.0,0.7925274,0.4205632
442.0,0.7956663,0.4174868
444.0,0.7984626,0.4143552
446.0,0.8009369,0.4111742
448.0,0.8031159,0.4079512
450.0,0.8050309,0.4046948
452.0,0.8067182,0.401415
454.0,0.8082172,0.3981226
456.0,0.8095703,0.3948297
458.0,0.8108214,0.3915489
460.0,0.8120152,0.3882934
462.0,0.8131958,0.3850767
464.0,0.8144063,0.3819128
466.0,0.815687,0.3788154
468.0,0.8170751,0.375798
470.0,0.8186038,0.3728739
472.0,0.8203011,0.3700554
474.0,0.8221896,0.3673544
476.0,0.8242857,0.3647816
478.0,0.8265997,0.3623467
480.0,0.8291348,0.3600581
482.0,0.8318879,0.3579227
484.0,0.834849,0.3559462
486.0,0.8380021,0.3541323
488.0,0.8413251,0.3524833
490.0,0.8447904,0.3509998
492.0,0.848366,0.3496807
494.0,0.8520157,0.3485229
496.0,0.8557004,0.3475221
498.0,0.8593791,0.346672
500.0,0.8630093,0.3459649
502.0,0.8665489,0.3453916
504.0,0.8699563,0.3449416
506.0,0.8731924,0.344603
508.0,0.8762205,0.3443632
510.0,0.8790082,0.3442084
512.0,0.8815273,0.3441242
514.0,0.8837551,0.3440957
516.0,0.8856748,0.3441077
518.0,0.8872757,0.3441447
520.0,0.8885538,0.3441915
522.0,0.8895119,0.344233
524.0,0.890159,0.3442547
526.0,0.8905111,0.3442427
528.0,0.8905898,0.344184
530.0,0.8904225,0.3440665
532.0,0.8900417,0.3438795
534.0,0.8894839,0.3436133
536.0,0.8887891,0.34326
538.0,0.8879998,0.342813
540.0,0.8871598,0.3422674
542.0,0.8863136,0.3416199
544.0,0.8855051,0.340869
546.0,0.8847763,0.340015
548.0,0.884167,0.3390598
550.0,0.8837134,0.3380071
552.0,0.8834473,0.3368621
554.0,0.8833955,0.3356316
556.0,0.8835793,0.3343239
558.0,0.8840135,0.3329486
560.0,0.8847067,0.3315164
562.0,0.8856607,0.3300392
564.0,0.8868706,0.3285295
566.0,0.8883249,0.3270008
568.0,0.8900059,0.3254669
570.0,0.8918901,0.3239419
572.0,0.8939485,0.32244
574.0,0.8961476,0.3209753
576.0,0.8984503,0.3195616
578.0,0.9008163,0.3182121
580.0,0.9032036,0.3169395
582.0,0.9055693,0.3157554
584.0,0.9078704,0.3146705
586.0,0.9100651,0.3136942
588.0,0.912114,0.3128346
590.0,0.9139803,0.3120985
592.0,0.9156315,0.3114909
594.0,0.9170398,0.3110153
596.0,0.9181826,0.3106736
598.0,0.9190434,0.3104659
600.0,0.9196121,0.3103905
602.0,0.919885,0.3104442
604.0,0.9198652,0.3106221
606.0,0.9195624,0.3109175
608.0,0.9189927,0.3113226
